{
  "load_time": 1.8032734394073486,
  "encode_time": 120.65419888496399,
  "throughput": 2.0720372959283324,
  "avg_latency_ms": 482.61679553985596
}