{
  "load_time": 7.4772865772247314,
  "encode_time": 2977.5601193904877,
  "throughput": 0.08396136097200801,
  "avg_latency_ms": 11910.24047756195
}