{
  "multilingual-e5-large": {
    "load_time": 9.308452367782593,
    "encode_time": 1510.733589887619,
    "throughput": 0.1654825190049538,
    "avg_latency_ms": 6042.934359550476,
    "status": "success",
    "model_name": "intfloat/multilingual-e5-large",
    "dims": 1024
  },
  "multilingual-e5-base": {
    "load_time": 8.307530641555786,
    "encode_time": 213.424644947052,
    "throughput": 1.1713736249251903,
    "avg_latency_ms": 853.698579788208,
    "status": "success",
    "model_name": "intfloat/multilingual-e5-base",
    "dims": 768
  },
  "labse": {
    "load_time": 4.091754674911499,
    "encode_time": 56.14596676826477,
    "throughput": 4.452679584837193,
    "avg_latency_ms": 224.58386707305908,
    "status": "success",
    "model_name": "sentence-transformers/LaBSE",
    "dims": 768
  },
  "bertimbau": {
    "load_time": 1.8032734394073486,
    "encode_time": 120.65419888496399,
    "throughput": 2.0720372959283324,
    "avg_latency_ms": 482.61679553985596,
    "status": "success",
    "model_name": "neuralmind/bert-base-portuguese-cased",
    "dims": 768
  },
  "paraphrase-miniml": {
    "load_time": 4.682518243789673,
    "encode_time": 6.683731317520142,
    "throughput": 37.40425641358026,
    "avg_latency_ms": 26.734925270080566,
    "status": "success",
    "model_name": "sentence-transformers/paraphrase-multilingual-MiniLM-L12-v2",
    "dims": 384
  },
  "paraphrase-mpnet": {
    "load_time": 6.478222608566284,
    "encode_time": 27.09107732772827,
    "throughput": 9.228130611997475,
    "avg_latency_ms": 108.36430931091309,
    "status": "success",
    "model_name": "sentence-transformers/paraphrase-multilingual-mpnet-base-v2",
    "dims": 768
  },
  "multilingual-e5-small": {
    "load_time": 6.02692174911499,
    "encode_time": 33.745285511016846,
    "throughput": 7.408442282059885,
    "avg_latency_ms": 134.98114204406738,
    "status": "success",
    "model_name": "intfloat/multilingual-e5-small",
    "dims": 384
  }
}