{
  "load_time": 4.091754674911499,
  "encode_time": 56.14596676826477,
  "throughput": 4.452679584837193,
  "avg_latency_ms": 224.58386707305908
}