{
  "load_time": 3.3486530780792236,
  "encode_time": 212.16748809814453,
  "throughput": 1.1783143696566503,
  "avg_latency_ms": 848.6699523925781
}