{
  "load_time": 9.308452367782593,
  "encode_time": 1510.733589887619,
  "throughput": 0.1654825190049538,
  "avg_latency_ms": 6042.934359550476
}