{
  "load_time": 8.307530641555786,
  "encode_time": 213.424644947052,
  "throughput": 1.1713736249251903,
  "avg_latency_ms": 853.698579788208
}