{
  "load_time": 6.02692174911499,
  "encode_time": 33.745285511016846,
  "throughput": 7.408442282059885,
  "avg_latency_ms": 134.98114204406738
}