{
  "load_time": 6.478222608566284,
  "encode_time": 27.09107732772827,
  "throughput": 9.228130611997475,
  "avg_latency_ms": 108.36430931091309
}