{
  "load_time": 4.682518243789673,
  "encode_time": 6.683731317520142,
  "throughput": 37.40425641358026,
  "avg_latency_ms": 26.734925270080566
}