{
  "load_time": 3.811359167098999,
  "encode_time": 293.541836977005,
  "throughput": 0.85166735540864,
  "avg_latency_ms": 1174.16734790802
}