strategy,L1_accuracy,L2_accuracy,L3_accuracy,avg_latency,cost,errors
Few-shot,55.50000000000001,40.5,28.499999999999996,1.617182259632246,5.402824,3
Baseline,65.0,48.5,33.5,1.73,4.8625416,14
